Char;Probability
a;0.086251
b;0.013664
c;0.017079
d;0.042699
e;0.110162
f;0.019641
g;0.019641
h;0.051238
i;0.064902
j;0.000000
k;0.014518
l;0.049530
m;0.029889
n;0.069172
o;0.068318
p;0.022203
q;0.001708
r;0.076003
s;0.062340
t;0.097353
u;0.024765
v;0.009394
w;0.017079
x;0.000000
y;0.032451
z;0.000000
