Char;Probability
а;0.071553
б;0.017452
в;0.033159
г;0.012216
д;0.043630
е;0.079407
ё;0.000000
ж;0.010471
з;0.008726
и;0.061082
й;0.013089
к;0.024433
л;0.040140
м;0.035777
н;0.075044
о;0.116928
п;0.032286
р;0.040140
с;0.042757
т;0.074171
у;0.043630
ф;0.004363
х;0.011344
ц;0.000000
ч;0.020070
ш;0.011344
щ;0.004363
ъ;0.000000
ы;0.017452
ь;0.023560
э;0.002618
ю;0.010471
я;0.018325
