Value,Probability
0,0.050000
3,0.050000
4,0.050000
5,0.100000
6,0.050000
8,0.050000
12,0.100000
15,0.050000
19,0.100000
21,0.100000
22,0.050000
23,0.100000
24,0.100000
27,0.050000
