Value,Probability
0,0.050000
1,0.050000
2,0.100000
3,0.100000
4,0.050000
5,0.000000
6,0.100000
7,0.050000
8,0.100000
9,0.100000
10,0.100000
11,0.100000
12,0.100000
