Value,Probability
0,0.070000
1,0.000000
2,0.000000
3,0.070000
4,0.070000
5,0.070000
6,0.070000
7,0.000000
8,0.070000
9,0.000000
10,0.000000
11,0.000000
12,0.080000
13,0.000000
14,0.000000
15,0.070000
16,0.000000
17,0.000000
18,0.000000
19,0.070000
20,0.000000
21,0.070000
22,0.070000
23,0.080000
24,0.070000
25,0.000000
26,0.000000
27,0.070000
28,0.000000
