Value,Probability
0,0.070000
3,0.070000
4,0.070000
5,0.070000
6,0.070000
8,0.070000
12,0.080000
15,0.070000
19,0.070000
21,0.070000
22,0.070000
23,0.080000
24,0.070000
27,0.070000
