Value,Probability
0,0.080000
1,0.080000
2,0.100000
3,0.080000
4,0.080000
5,0.000000
6,0.080000
7,0.080000
8,0.080000
9,0.080000
10,0.080000
11,0.100000
12,0.080000
