Value,Probability
0,0.060000
3,0.060000
4,0.060000
5,0.080000
6,0.060000
8,0.060000
12,0.080000
15,0.080000
19,0.080000
21,0.080000
22,0.060000
23,0.080000
24,0.080000
27,0.080000
