Value,Probability
0,0.050000
1,0.000000
2,0.000000
3,0.050000
4,0.050000
5,0.100000
6,0.050000
7,0.000000
8,0.050000
9,0.000000
10,0.000000
11,0.000000
12,0.100000
13,0.000000
14,0.000000
15,0.050000
16,0.000000
17,0.000000
18,0.000000
19,0.100000
20,0.000000
21,0.100000
22,0.050000
23,0.100000
24,0.100000
25,0.000000
26,0.000000
27,0.050000
28,0.000000
