Value,Probability
0,0.080000
1,0.080000
2,0.090000
3,0.090000
4,0.080000
6,0.090000
7,0.080000
8,0.080000
9,0.080000
10,0.080000
11,0.090000
12,0.080000
