Value,Probability
0,0.000000
1,0.030000
2,0.030000
3,0.040000
4,0.030000
5,0.030000
6,0.040000
7,0.030000
8,0.030000
9,0.030000
10,0.030000
11,0.030000
12,0.030000
13,0.030000
14,0.030000
15,0.030000
16,0.030000
17,0.040000
18,0.030000
19,0.030000
20,0.030000
21,0.030000
22,0.030000
23,0.030000
24,0.040000
25,0.030000
26,0.030000
27,0.030000
28,0.040000
29,0.030000
30,0.040000
31,0.040000
