Value,Probability
2,0.050000
4,0.050000
7,0.050000
9,0.050000
11,0.050000
14,0.050000
15,0.050000
16,0.050000
17,0.050000
18,0.050000
21,0.050000
22,0.050000
24,0.050000
25,0.050000
27,0.050000
28,0.050000
29,0.050000
30,0.050000
31,0.050000
32,0.050000
