Value,Probability
0,0.000000
1,0.050000
2,0.050000
3,0.050000
4,0.050000
5,0.000000
6,0.050000
7,0.000000
8,0.050000
9,0.000000
10,0.050000
11,0.000000
12,0.000000
13,0.050000
14,0.050000
15,0.000000
16,0.050000
17,0.050000
18,0.000000
19,0.000000
20,0.050000
21,0.050000
22,0.000000
23,0.050000
24,0.050000
25,0.000000
26,0.050000
27,0.050000
28,0.050000
29,0.050000
30,0.050000
31,0.000000
