Value,Probability
2,0.050000
3,0.050000
6,0.050000
8,0.050000
12,0.050000
13,0.050000
15,0.050000
16,0.050000
17,0.050000
18,0.050000
20,0.050000
23,0.050000
24,0.050000
25,0.050000
26,0.050000
28,0.050000
29,0.050000
30,0.050000
31,0.050000
32,0.050000
