Value,Probability
0,0.000000
1,0.020000
2,0.040000
3,0.040000
4,0.040000
5,0.040000
6,0.040000
7,0.040000
8,0.020000
9,0.040000
10,0.020000
11,0.040000
12,0.040000
13,0.020000
14,0.020000
15,0.040000
16,0.020000
17,0.040000
18,0.040000
19,0.040000
20,0.020000
21,0.020000
22,0.040000
23,0.020000
24,0.040000
25,0.040000
26,0.020000
27,0.020000
28,0.040000
29,0.020000
30,0.040000
31,0.040000
