Value,Probability
0,0.000000
1,0.050000
2,0.050000
3,0.050000
4,0.050000
5,0.000000
6,0.050000
7,0.050000
8,0.050000
9,0.050000
10,0.050000
11,0.000000
12,0.050000
13,0.000000
14,0.000000
15,0.050000
16,0.050000
17,0.050000
18,0.000000
19,0.050000
20,0.050000
21,0.000000
22,0.000000
23,0.000000
24,0.050000
25,0.000000
26,0.050000
27,0.000000
28,0.000000
29,0.050000
30,0.050000
31,0.050000
