Value,Probability
2,0.040000
3,0.030000
4,0.030000
5,0.030000
6,0.030000
7,0.030000
8,0.030000
9,0.040000
10,0.030000
11,0.040000
12,0.030000
13,0.030000
14,0.030000
15,0.030000
16,0.030000
17,0.040000
18,0.030000
19,0.030000
20,0.030000
21,0.040000
22,0.040000
23,0.030000
24,0.030000
25,0.030000
26,0.030000
27,0.040000
28,0.030000
29,0.030000
30,0.030000
31,0.030000
32,0.030000
