Value,Probability
2,0.050000
3,0.050000
5,0.050000
7,0.050000
8,0.050000
9,0.050000
10,0.050000
11,0.050000
13,0.050000
16,0.050000
17,0.050000
18,0.050000
20,0.050000
21,0.050000
22,0.050000
25,0.050000
27,0.050000
30,0.050000
31,0.050000
32,0.050000
