Value,Probability
0,0.000000
1,0.040000
2,0.060000
3,0.040000
4,0.060000
5,0.000000
6,0.060000
7,0.040000
8,0.060000
9,0.040000
10,0.040000
11,0.000000
12,0.060000
13,0.000000
14,0.000000
15,0.040000
16,0.060000
17,0.060000
18,0.000000
19,0.040000
20,0.040000
21,0.040000
22,0.000000
23,0.000000
24,0.060000
25,0.000000
26,0.040000
27,0.000000
28,0.000000
29,0.040000
30,0.040000
31,0.040000
