Value,Probability
2,0.040000
3,0.020000
4,0.040000
5,0.020000
6,0.020000
7,0.040000
8,0.020000
9,0.040000
10,0.020000
11,0.040000
12,0.020000
13,0.020000
14,0.040000
15,0.040000
16,0.020000
17,0.040000
18,0.040000
19,0.020000
20,0.020000
21,0.040000
22,0.040000
23,0.020000
24,0.040000
25,0.040000
26,0.020000
27,0.040000
28,0.040000
29,0.040000
30,0.040000
31,0.040000
32,0.040000
