Value,Probability
0,0.000000
1,0.040000
2,0.020000
3,0.040000
4,0.020000
5,0.020000
6,0.040000
7,0.040000
8,0.020000
9,0.020000
10,0.020000
11,0.020000
12,0.040000
13,0.040000
14,0.040000
15,0.040000
16,0.040000
17,0.020000
18,0.020000
19,0.040000
20,0.020000
21,0.020000
22,0.040000
23,0.020000
24,0.040000
25,0.040000
26,0.040000
27,0.040000
28,0.040000
29,0.040000
30,0.040000
31,0.040000
