Value,Probability
2,0.060000
3,0.060000
4,0.040000
5,0.060000
7,0.040000
8,0.040000
9,0.060000
10,0.040000
11,0.040000
13,0.060000
16,0.040000
17,0.060000
18,0.060000
20,0.040000
21,0.040000
22,0.040000
25,0.060000
27,0.040000
30,0.040000
31,0.040000
32,0.040000
