Value,Probability
0,0.000000
1,0.000000
2,0.000000
3,0.000000
4,0.000000
5,0.140000
6,0.000000
7,0.000000
8,0.000000
9,0.000000
10,0.000000
11,0.140000
12,0.000000
13,0.000000
14,0.140000
15,0.000000
16,0.000000
17,0.000000
18,0.150000
19,0.000000
20,0.000000
21,0.000000
22,0.000000
23,0.140000
24,0.000000
25,0.150000
26,0.000000
27,0.000000
28,0.140000
29,0.000000
30,0.000000
31,0.000000
