Char;Probability
а;0.075822
б;0.022800
в;0.049311
г;0.008484
д;0.023860
е;0.085896
ё;0.000000
ж;0.010604
з;0.021739
и;0.090138
й;0.006363
к;0.038706
л;0.031283
м;0.032874
н;0.062036
о;0.095970
п;0.022269
р;0.045599
с;0.047720
т;0.083245
у;0.027041
ф;0.001591
х;0.014846
ц;0.002651
ч;0.014316
ш;0.005302
щ;0.003712
ъ;0.000000
ы;0.028632
ь;0.012725
э;0.002651
ю;0.013786
я;0.018028
