Char;Probability
a;0.089552
b;0.016418
c;0.022388
d;0.031343
e;0.120896
f;0.020149
g;0.026866
h;0.042537
i;0.064179
j;0.005224
k;0.020149
l;0.044776
m;0.026866
n;0.076866
o;0.073881
p;0.014179
q;0.000000
r;0.058955
s;0.053731
t;0.092537
u;0.034328
v;0.008955
w;0.020149
x;0.002239
y;0.030597
z;0.002239
