Char;Probability
a;0.080411
b;0.020556
c;0.039299
d;0.025998
e;0.119710
f;0.033253
g;0.017533
h;0.056227
i;0.073156
j;0.000000
k;0.003023
l;0.038694
m;0.018742
n;0.085248
o;0.086457
p;0.029625
q;0.000605
r;0.069528
s;0.064692
t;0.079807
u;0.020556
v;0.006046
w;0.019952
x;0.001814
y;0.009069
z;0.000000
